{
    "@module": "pymatgen.core.structure",
    "@class": "Structure",
    "charge": 0.0,
    "lattice": {
        "matrix": [
            [
                -2.721851185,
                -2.721851185,
                0.0
            ],
            [
                -2.721851185,
                0.0,
                -2.721851185
            ],
            [
                1.66665317073284e-16,
                -2.721851185,
                -2.721851185
            ]
        ],
        "pbc": [
            true,
            true,
            true
        ],
        "a": 3.8492788605882797,
        "b": 3.8492788605882797,
        "c": 3.8492788605882797,
        "alpha": 59.99999999999999,
        "beta": 59.99999999999999,
        "gamma": 59.99999999999999,
        "volume": 40.329526782089545
    },
    "properties": {},
    "sites": [
        {
            "species": [
                {
                    "element": "Si",
                    "oxidation_state": 0.0,
                    "spin": null,
                    "occu": 1.0
                }
            ],
            "abc": [
                0.75,
                0.75,
                0.75
            ],
            "properties": {},
            "label": "Si0",
            "xyz": [
                -4.0827767774999995,
                -4.0827767774999995,
                -4.0827767774999995
            ]
        },
        {
            "species": [
                {
                    "element": "Si",
                    "oxidation_state": 0.0,
                    "spin": null,
                    "occu": 1.0
                }
            ],
            "abc": [
                0.0,
                0.0,
                0.0
            ],
            "properties": {},
            "label": "Si1",
            "xyz": [
                0.0,
                0.0,
                0.0
            ]
        }
    ]
}